Building, Road, Heading, Indoors
47.37592 8.54442, 47.37593 8.54457, 266.1859251671958, 0
47.37615 8.54437, 47.37616 8.54454, 266.63353933786874, 0
47.37656 8.54425, 47.37674 8.54426, 183.179830119739, 0
47.37644 8.54415, 47.37651 8.54388, 464.5344550806971, 0
47.37583 8.54423, 47.37584 8.54457, 268.31531568276347, 0
47.3759 8.54421, 47.37591 8.54457, 268.4088597294332, 0
47.37602 8.54415, 47.37604 8.54455, 267.1375947729745, 0
47.37607 8.54412, 47.37609 8.54455, 267.33699923403174, 0
47.37612 8.54412, 47.37614 8.54454, 267.27368900619734, 0
47.37621 8.54411, 47.37628 8.54375, 461.0035408518706, 0
47.37631 8.54409, 47.37637 8.54379, 461.30993247486833, 0
47.37604 8.54474, 47.37603 8.54456, 446.8201698791023, 0
47.37543 8.54478, 47.37542 8.54461, 446.6335393354822, 0
47.3755 8.54494, 47.37562 8.54488, 513.4349488215651, 0
47.37521 8.54479, 47.3752 8.54463, 446.4236656238938, 0
47.37512 8.54508, 47.37501 8.54514, 331.3895403340996, 0
47.37514 8.54516, 47.37503 8.54523, 327.52880770867256, 0
47.37515 8.54525, 47.37506 8.54531, 326.3099324734983, 0
47.37482 8.54478, 47.37481 8.54466, 445.23635830772963, 0
47.37505 8.54491, 47.37497 8.54495, 333.43494882393975, 0
47.37482 8.54492, 47.37494 8.54486, 513.4349488236005, 0
47.3751 8.54499, 47.37499 8.54505, 331.38954033565545, 0
47.37484 8.54501, 47.37497 8.54495, 515.2248594311184, 0
47.37486 8.5451, 47.37499 8.54504, 515.2248594311184, 0
47.37484 8.54555, 47.3749 8.54574, 252.4744316268924, 0
47.37465 8.54483, 47.37464 8.54467, 446.42366562385416, 0
47.3747 8.54555, 47.37458 8.54564, 323.13010235307036, 0
47.37473 8.54563, 47.37461 8.54573, 320.1944289079016, 0
47.37467 8.54547, 47.37455 8.54556, 323.1301023546988, 0
47.37481 8.54339, 47.37474 8.54338, 368.13010235456306, 0
47.37524 8.54364, 47.37545 8.54371, 198.43494882292202, 0
47.37541 8.54364, 47.37546 8.54366, 201.80140948775562, 0
47.37572 8.54374, 47.37576 8.54346, 458.13010235385065, 0
47.37589 8.54387, 47.37602 8.54359, 474.90476880786025, 0
47.37597 8.54387, 47.37607 8.54363, 472.6198649472876, 0
47.37488 8.54369, 47.37483 8.54384, 288.43494882109, 0
47.37505 8.54358, 47.3751 8.54326, 458.8806591508016, 0
47.37538 8.5438, 47.37544 8.54382, 198.43494882444867, 0
47.37574 8.54385, 47.37555 8.54399, 323.61564818465746, 0
47.37459 8.54417, 47.37473 8.54384, 472.9887168023499, 0
47.37443 8.54356, 47.37431 8.54352, 378.4349488236853, 0
47.37441 8.54369, 47.3743 8.54367, 370.30484646844036, 0
47.37439 8.54407, 47.37426 8.54402, 381.0375110255792, 0
47.37432 8.54428, 47.37422 8.54424, 381.8014094872292, 0
47.37429 8.54443, 47.3742 8.5444, 378.43494882326127, 0
47.37457 8.54516, 47.37444 8.54526, 322.4314079704536, 0
47.3746 8.54526, 47.37448 8.54535, 323.1301023552416, 0
47.37464 8.54536, 47.37451 8.54546, 322.4314079709455, 0
47.37455 8.54368, 47.37473 8.54369, 183.179830119739, 0
47.37461 8.54394, 47.37473 8.54384, 500.1944289084022, 0
47.37467 8.54331, 47.37475 8.54332, 187.1250163489018, 0
47.37466 8.5434, 47.37474 8.54341, 187.1250163482755, 0
47.37466 8.54354, 47.37474 8.54355, 187.1250163482755, 0
47.37435 8.54454, 47.37436 8.5447, 266.4236656238938, 0
47.37445 8.54451, 47.37446 8.54469, 266.82016988135706, 0
47.37547 8.54445, 47.37555 8.54445, 180, 0
47.37558 8.54414, 47.37555 8.54414, 360, 0
47.37566 8.54415, 47.37555 8.54415, 360, 0
47.37454 8.5445, 47.37455 8.54468, 266.82016988138844, 0
47.3747 8.54444, 47.37471 8.54467, 267.5104470772135, 0
47.37538 8.54448, 47.37538 8.54461, 270.0, 0
47.37502 8.54399, 47.37484 8.54402, 350.5376777923411, 0
47.37509 8.54402, 47.37485 8.54407, 348.23171106791165, 0
47.37514 8.54402, 47.37542 8.54395, 525.9637565320736, 0
47.37523 8.54406, 47.37542 8.54395, 509.9314171777997, 0
47.37525 8.54397, 47.37542 8.54395, 533.290163192382, 0
47.37497 8.54395, 47.37484 8.54397, 351.2538377376801, 0
47.37489 8.54404, 47.37484 8.54405, 348.6900675267627, 0
47.37477 8.54415, 47.37485 8.54413, 525.9637565320736, 0
47.37491 8.54412, 47.37485 8.54413, 350.5376777919744, 0
47.37349 8.5431, 47.37351 8.54282, 454.0856167812665, 0
47.37381 8.54311, 47.37384 8.54288, 457.431407971759, 0
47.37415 8.54338, 47.37404 8.54334, 379.98310652212285, 0
47.37392 8.54345, 47.37402 8.54348, 196.69924423380687, 0
47.37371 8.54309, 47.37373 8.54285, 454.7636416905507, 0
47.37367 8.54357, 47.37343 8.54389, 306.86989764574224, 0
47.37359 8.54357, 47.37343 8.54389, 296.5650511773324, 0
47.37349 8.54331, 47.37352 8.54282, 453.50353164507163, 0
47.37348 8.54339, 47.37343 8.54389, 275.71059313770115, 0
47.37277 8.54359, 47.37258 8.54368, 334.6538240584217, 0
47.37287 8.54396, 47.37313 8.54391, 529.1144729455445, 0
47.37288 8.54356, 47.37259 8.5437, 334.23067237563185, 0
47.37301 8.54402, 47.37314 8.54399, 527.0053832084266, 0
47.37331 8.54355, 47.37332 8.5439, 268.3634229578686, 0
47.37337 8.54343, 47.37339 8.54389, 267.5104470780873, 0
47.37326 8.54311, 47.37327 8.54281, 451.9091524322395, 0
47.37325 8.54325, 47.37326 8.54281, 451.3019526729887, 0
47.37309 8.54321, 47.3731 8.5428, 451.3971810277381, 0
47.37326 8.54345, 47.37328 8.5439, 267.4551956202872, 0
47.3731 8.54349, 47.37313 8.54391, 265.9143832196979, 0
47.37299 8.54301, 47.373 8.54279, 452.6025622014715, 0
47.37309 8.54299, 47.3731 8.5428, 453.0127875051393, 0
47.37336 8.54308, 47.37337 8.54281, 452.1210963973307, 0
47.37262 8.54324, 47.37252 8.54327, 343.3007557660064, 0
47.37263 8.54343, 47.37254 8.54345, 347.47119229132744, 0
47.37259 8.54392, 47.37257 8.5438, 440.537677792387, 0
47.37259 8.54413, 47.37255 8.54381, 442.8749836500804, 0
47.37416 8.54395, 47.37426 8.54399, 201.8014094872292, 0
47.37407 8.544, 47.37409 8.54377, 454.9697407279194, 0
47.374 8.54444, 47.37405 8.54459, 251.56505117890998, 0
47.37357 8.54387, 47.37344 8.54392, 338.9624889744208, 0
47.37369 8.54393, 47.37345 8.54402, 339.4439547807883, 0
47.37376 8.54391, 47.37398 8.54375, 503.97262661544653, 0
47.37384 8.54388, 47.37398 8.54375, 497.1210963969403, 0
47.3739 8.54394, 47.37398 8.54375, 472.83365417897124, 0
47.37388 8.54418, 47.37398 8.54375, 463.09189306472285, 0
47.37387 8.54454, 47.37392 8.54469, 251.5650511764673, 0
47.37355 8.54399, 47.37345 8.54403, 338.19859051505205, 0
47.37336 8.54413, 47.37347 8.54409, 520.0168934786943, 0
47.37365 8.5443, 47.37353 8.54438, 326.30993247284584, 0
47.37339 8.54421, 47.37348 8.54418, 521.5650511777565, 0
47.37342 8.54433, 47.3735 8.54428, 507.99461679100165, 0
47.37375 8.54462, 47.3738 8.54477, 251.5650511764673, 0
47.3734 8.54449, 47.37328 8.54457, 326.30993247284584, 0
47.37352 8.54662, 47.37359 8.54679, 247.61986494764898, 1
47.37354 8.5464, 47.37366 8.54672, 249.44395478003312, 0
47.37365 8.54652, 47.37371 8.54668, 249.4439547790223, 0
47.37365 8.54633, 47.37377 8.54664, 248.8387401828033, 0
47.3737 8.5463, 47.37386 8.54617, 500.9061411138663, 0
47.37402 8.5462, 47.37391 8.54631, 315.0, 0
47.37343 8.5467, 47.3735 8.54687, 247.61986494785975, 1
47.37359 8.54657, 47.37365 8.54673, 249.44395478125307, 0
47.37349 8.5445, 47.37356 8.54446, 510.2551187043104, 0
47.37351 8.54462, 47.37359 8.54457, 507.99461679100165, 0
47.37351 8.54481, 47.37356 8.54495, 250.346175943927, 0
47.37322 8.54402, 47.37322 8.54391, 450.0, 0
47.37305 8.54434, 47.37319 8.54427, 513.434948822922, 0
47.37326 8.54431, 47.37321 8.54434, 329.03624346822585, 0
47.37307 8.54444, 47.37321 8.54435, 507.26477372818636, 0
47.37328 8.54439, 47.37323 8.54442, 329.03624346822585, 0
47.37331 8.54446, 47.37326 8.54449, 329.0362434661304, 0
47.37338 8.54458, 47.3733 8.54463, 327.99461679100165, 0
47.3734 8.5447, 47.37334 8.54475, 320.1944289067337, 0
47.37252 8.54395, 47.3725 8.54382, 441.25383773779777, 0
47.37246 8.54402, 47.37244 8.54384, 443.6598082543383, 0
47.37238 8.54396, 47.37232 8.54397, 350.5376777919744, 0
47.37239 8.5441, 47.37233 8.54411, 350.5376777930747, 0
47.37247 8.54436, 47.37237 8.5444, 338.1985905141746, 0
47.37248 8.54444, 47.37238 8.54448, 338.1985905141746, 0
47.3725 8.54452, 47.3724 8.54456, 338.1985905141746, 0
47.37251 8.5446, 47.37241 8.54464, 338.1985905136482, 0
47.37254 8.54472, 47.37244 8.54476, 338.1985905141746, 0
47.37276 8.54465, 47.37244 8.54479, 336.37062226947666, 0
47.37271 8.5445, 47.37241 8.54463, 336.5713071908928, 0
47.37244 8.54426, 47.37235 8.54429, 341.56505117673873, 0
47.37256 8.54512, 47.3725 8.54514, 341.565051177078, 0
47.37258 8.54529, 47.37251 8.54529, 360, 0
47.37265 8.54506, 47.37249 8.5451, 345.96375653207355, 0
47.37276 8.5453, 47.37251 8.54529, 362.29061004254095, 0
47.37275 8.54501, 47.37249 8.54508, 344.931511840564, 0
47.37293 8.54486, 47.3733 8.54463, 508.13402230663763, 0
47.37315 8.54466, 47.37328 8.54458, 508.3924977533143, 0
47.37302 8.54477, 47.37329 8.5446, 507.8042660654967, 0
47.37255 8.54488, 47.37247 8.54492, 333.43494882190424, 0
47.37255 8.54501, 47.37248 8.54503, 344.0546040969648, 0
47.37301 8.54465, 47.37326 8.54449, 507.38075692876095, 0
47.37328 8.54478, 47.37333 8.54473, 495.0000000010178, 0
47.37323 8.54511, 47.37342 8.54493, 496.5481576997357, 0
47.37287 8.54523, 47.37251 8.54522, 361.5911402711318, 0
47.3729 8.54511, 47.37251 8.54522, 344.2488263365036, 0
47.37296 8.54506, 47.37333 8.54472, 497.4195092169828, 0
47.37296 8.54522, 47.37251 8.54522, 360, 0
47.37304 8.54536, 47.37344 8.54498, 496.46880071433236, 0
47.3731 8.54495, 47.37333 8.54473, 496.2730300202275, 0
47.37318 8.54487, 47.37333 8.54473, 496.9749340118248, 0
47.3732 8.54484, 47.37333 8.54472, 497.2906100437116, 0
47.37324 8.5448, 47.37333 8.54472, 498.36646066328944, 0
47.37262 8.54544, 47.3725 8.54544, 360, 0
47.37339 8.54515, 47.37348 8.54507, 498.36646066392115, 0
47.37347 8.54538, 47.37357 8.54531, 505.0079798026709, 0
47.37327 8.54557, 47.37358 8.54535, 504.63753811276894, 0
47.37349 8.54543, 47.37358 8.54536, 502.1250163492932, 0
47.37329 8.54563, 47.3736 8.54541, 504.6375381136071, 0
47.37354 8.54566, 47.37365 8.54557, 500.7105931372981, 0
47.37342 8.54577, 47.37366 8.54559, 503.13010235415595, 0
47.37357 8.54574, 47.37368 8.54565, 500.7105931372981, 0
47.37313 8.54611, 47.3729 8.54633, 316.2730300204586, 1
47.37318 8.54601, 47.37288 8.5463, 315.97102193070504, 1
47.37332 8.54586, 47.37366 8.5456, 502.59464336880256, 0
47.37345 8.54585, 47.37369 8.54567, 503.1301023546988, 0
47.37294 8.54602, 47.37283 8.54618, 304.5085229876414, 1
47.37298 8.54614, 47.37286 8.54626, 314.9999999987278, 1
47.37281 8.54596, 47.37275 8.54605, 303.6900675249359, 1
47.37352 8.54558, 47.37363 8.5455, 503.97262661517146, 0
47.37327 8.54597, 47.3729 8.54633, 315.78482460282765, 1
47.37368 8.54594, 47.37376 8.54588, 503.1301023533418, 0
47.3737 8.54602, 47.37379 8.54595, 502.12501634858864, 0
47.37372 8.54608, 47.37381 8.54601, 502.1250163492932, 0
47.37375 8.54615, 47.37383 8.54609, 503.13010235252756, 0
47.37297 8.54633, 47.37291 8.54637, 326.30993247597746, 1
47.37305 8.54627, 47.3729 8.54636, 329.03624346752736, 1
47.37307 8.54639, 47.37293 8.54647, 330.2551187037624, 1
47.37322 8.54639, 47.37312 8.54669, 288.4349488235327, 1
47.37323 8.54626, 47.37312 8.54669, 284.34933204287995, 1
47.37331 8.54622, 47.37313 8.5467, 290.55604521888637, 1
47.37349 8.54605, 47.37375 8.54585, 502.4314079717022, 0
47.37303 8.54622, 47.3729 8.54633, 319.7636416905858, 1
47.373 8.54644, 47.37294 8.54647, 333.434948822922, 1
47.37303 8.54655, 47.37296 8.54658, 336.80140948617634, 1
47.37313 8.54647, 47.37312 8.54669, 272.60256220331826, 1
47.37325 8.54654, 47.37313 8.5467, 306.869897644928, 1
47.37319 8.54667, 47.37314 8.54672, 315.0000000010178, 1
47.37341 8.54653, 47.37353 8.54683, 248.19859051318025, 1
47.37345 8.54646, 47.37358 8.54679, 248.49856567615436, 1
47.37234 8.54317, 47.3725 8.54311, 519.4439547806953, 0
47.37231 8.54346, 47.37253 8.54341, 527.1957339346733, 0
47.37237 8.54336, 47.37253 8.54333, 529.3803447236912, 0
47.37243 8.54329, 47.37252 8.54327, 527.4711922902497, 0
47.3722 8.54363, 47.37208 8.54382, 302.27564431514196, 0
47.37219 8.54321, 47.37218 8.54281, 448.567903815384, 0
47.37213 8.54368, 47.37208 8.54382, 289.653824058652, 0
47.37211 8.54397, 47.37208 8.54382, 438.6900675250664, 0
47.37221 8.544, 47.37232 8.54398, 529.695153530664, 0
47.37225 8.54428, 47.37234 8.54425, 521.5650511767387, 0
47.37226 8.54448, 47.37217 8.5445, 347.47119229132744, 0
47.37229 8.54461, 47.37219 8.54464, 343.3007557660064, 0
47.3723 8.5447, 47.3722 8.54473, 343.3007557671269, 0
47.37229 8.54482, 47.37222 8.54484, 344.05460409850104, 0
47.37235 8.54485, 47.37245 8.54481, 518.1985905141746, 0
47.37234 8.54502, 47.37224 8.54505, 343.3007557661931, 0
47.37241 8.54517, 47.3725 8.54515, 527.4711922902497, 0
47.37238 8.54532, 47.3725 8.54532, 180, 0
47.37225 8.54525, 47.37221 8.54516, 426.0375110262612, 0
47.37241 8.54553, 47.3725 8.54553, 180, 0
47.37244 8.54595, 47.37254 8.54577, 479.0546040998453, 1
47.37253 8.54609, 47.37265 8.54591, 483.6900675265017, 1
47.37259 8.54619, 47.37272 8.54601, 485.83765295421637, 1
47.37266 8.54622, 47.37276 8.54607, 483.6900675250403, 1
47.37269 8.54629, 47.3728 8.54614, 486.253837737033, 1
47.37275 8.54633, 47.37285 8.54623, 494.9999999989822, 1
47.37267 8.54642, 47.37285 8.54624, 495.0, 1
47.37277 8.5464, 47.37288 8.54629, 495.0, 1
47.37273 8.54649, 47.37291 8.54638, 508.57043438493275, 1
47.37277 8.54652, 47.37292 8.54642, 506.309932473707, 1
47.37222 8.54567, 47.37207 8.54532, 426.8014094865975, 0
47.37236 8.54643, 47.37231 8.54651, 302.0053832093414, 1
47.37241 8.54648, 47.37235 8.54657, 303.69006752858945, 1
47.37249 8.54659, 47.37243 8.54668, 303.6900675249359, 1
47.37174 8.54344, 47.37178 8.54382, 263.9909940427285, 0
47.37158 8.54375, 47.37162 8.54389, 254.05460409965323, 0
47.37087 8.54314, 47.37086 8.543, 445.9143832216267, 0
47.37119 8.54325, 47.37116 8.54294, 444.4724598492147, 0
47.37162 8.5431, 47.37161 8.54287, 447.5104470772135, 0
47.37191 8.5432, 47.37189 8.54284, 446.820169880261, 0
47.37191 8.54348, 47.37189 8.5438, 273.57633437487857, 0
47.37191 8.54353, 47.3719 8.5438, 272.1210963973446, 0
47.37199 8.54357, 47.37198 8.54381, 272.385944029454, 0
47.37133 8.544, 47.37138 8.5441, 243.4349488221078, 0
47.37139 8.54386, 47.37146 8.54402, 246.37062226897612, 0
47.37166 8.54371, 47.37168 8.54385, 261.86989764614935, 0
47.37124 8.54346, 47.3712 8.54293, 445.6839724802929, 0
47.37138 8.54351, 47.37155 8.54394, 248.42869280906436, 0
47.37146 8.54361, 47.37156 8.54393, 252.6459753632135, 0
47.37112 8.54344, 47.37108 8.54295, 445.33314162874626, 0
47.37121 8.54366, 47.37141 8.54406, 243.43494882302377, 0
47.37125 8.5438, 47.37139 8.54409, 244.23067237662312, 0
47.37129 8.5439, 47.37139 8.54409, 242.24145939982307, 0
47.37199 8.54401, 47.372 8.54381, 452.8624052270255, 0
47.37188 8.54426, 47.37175 8.54456, 293.42869280845025, 0
47.37165 8.54406, 47.3716 8.5439, 432.64597536312294, 0
47.37171 8.54395, 47.3717 8.54384, 444.80557109068013, 0
47.37156 8.54416, 47.37149 8.54399, 427.619864947649, 0
47.3718 8.5442, 47.37175 8.54456, 277.907162703205, 0
47.37183 8.54436, 47.37175 8.54456, 291.8014094872292, 0
47.37189 8.54446, 47.37184 8.54463, 286.38954033465063, 0
47.37186 8.54488, 47.37193 8.5448, 491.1859251665203, 0
47.37196 8.54458, 47.37187 8.54468, 311.98721249592916, 0
47.37192 8.54499, 47.37199 8.54493, 499.3987053527205, 0
47.37177 8.5443, 47.37175 8.54456, 274.3987053548159, 0
47.37197 8.54524, 47.37202 8.54536, 247.38013505141757, 0
47.37165 8.54504, 47.37155 8.54504, 360, 0
47.37177 8.54481, 47.37173 8.54473, 423.4349488239398, 0
47.37196 8.54511, 47.37203 8.54504, 495.00000000072697, 0
47.37142 8.54512, 47.37148 8.54522, 239.03624346882452, 0
47.37144 8.54539, 47.3714 8.54533, 416.30993247480313, 0
47.37159 8.54474, 47.37164 8.54483, 240.94539590015472, 0
47.37152 8.54524, 47.3715 8.5452, 423.4349488239398, 0
47.37142 8.54564, 47.3713 8.54548, 413.13010235374884, 0
47.37159 8.54564, 47.37166 8.54574, 235.0079798010315, 0
47.37179 8.54541, 47.37184 8.54553, 247.38013505111644, 0
47.37185 8.5453, 47.37192 8.54546, 246.37062226920972, 0
47.37107 8.54653, 47.37116 8.54663, 228.01278750407087, 0
47.37117 8.54639, 47.37124 8.54647, 228.81407483347974, 0
47.37119 8.54626, 47.37129 8.54638, 230.19442890656686, 0
47.37127 8.54618, 47.37135 8.54628, 231.34019174690286, 0
47.37136 8.54602, 47.37144 8.54613, 233.97262661577662, 0
47.37146 8.54587, 47.37154 8.54597, 231.34019174442048, 0
47.37099 8.54625, 47.37092 8.54618, 405.0, 0
47.37105 8.54615, 47.37097 8.54607, 405.0000000012722, 0
47.37116 8.5459, 47.3711 8.54581, 416.3099324719325, 0
47.37092 8.54644, 47.37084 8.54636, 405.0000000012722, 0
47.37065 8.5459, 47.37054 8.54598, 323.9726266145663, 0
47.37068 8.54606, 47.37059 8.54612, 326.3099324742812, 0
47.37075 8.54624, 47.37065 8.54631, 325.0079798019878, 0
47.37108 8.54606, 47.37101 8.54599, 405.0, 0
47.37092 8.54421, 47.37094 8.54437, 262.87498365141136, 0
47.37105 8.54418, 47.37108 8.54431, 257.00538320693994, 0
47.3711 8.5444, 47.37108 8.54431, 437.47119229132744, 0
47.37106 8.54396, 47.37113 8.54429, 258.02386755564464, 0
47.37109 8.54453, 47.37105 8.54432, 439.215702130923, 0
47.37115 8.54415, 47.37117 8.54427, 260.5376777922495, 0
47.37124 8.54447, 47.37119 8.54427, 435.9637565317143, 0
47.37136 8.54427, 47.37132 8.54416, 430.01689347542555, 0
47.37148 8.5444, 47.37135 8.54414, 423.43494882307857, 0
47.37107 8.54377, 47.37123 8.54423, 250.8209919748758, 0
47.37112 8.54386, 47.37124 8.54422, 251.56505117665392, 0
47.37115 8.54394, 47.37125 8.54422, 250.346175941348, 0
47.37094 8.5435, 47.37089 8.54299, 444.4006606640879, 0
47.37078 8.54383, 47.37087 8.54439, 260.8698235184173, 0
47.37112 8.54467, 47.37105 8.54432, 438.690067525812, 0
47.37077 8.54483, 47.37086 8.54481, 527.4711922913275, 0
47.37079 8.54555, 47.37081 8.54535, 455.7105931372477, 0
47.36937 8.54385, 47.36932 8.54391, 309.8055710934332, 0
47.36947 8.54404, 47.36942 8.5441, 309.8055710934332, 0
47.37056 8.54516, 47.37078 8.54535, 220.8150838741107, 0
47.37048 8.54541, 47.37037 8.54549, 323.97262661517146, 0
47.37054 8.54558, 47.37043 8.54566, 323.9726266145663, 0
47.37057 8.54575, 47.37048 8.54581, 326.3099324742812, 0
47.37061 8.54411, 47.37062 8.54444, 268.26429541052073, 0
47.3706 8.54455, 47.3706 8.54444, 450.0, 0
47.37039 8.54465, 47.37034 8.54451, 430.346175941348, 0
47.37063 8.54366, 47.37052 8.5431, 438.88695946407984, 0
47.37066 8.54378, 47.37081 8.54441, 256.60750224641635, 0
47.37063 8.54401, 47.37064 8.54444, 268.66778014570673, 0
47.36998 8.53336, 47.3699 8.53326, 411.34019174690286, 0
47.36954 8.54387, 47.3696 8.54398, 241.3895403348127, 0
47.36904 8.54387, 47.36896 8.54372, 421.92751306499224, 0
47.36914 8.54374, 47.3692 8.54368, 494.99999999915184, 0
47.36924 8.54394, 47.36922 8.54391, 416.30993247402023, 0
47.36887 8.545, 47.36879 8.5451, 308.6598082555795, 0
47.36897 8.54499, 47.36904 8.5451, 237.52880770867256, 0
47.36949 8.54445, 47.36952 8.54454, 251.56505117572095, 0
47.36923 8.54423, 47.36912 8.54403, 421.18920625731994, 0
47.36927 8.54434, 47.36945 8.54414, 491.9872124959291, 0
47.36937 8.54455, 47.3694 8.54464, 251.56505117979205, 0
47.36906 8.54461, 47.369 8.54468, 310.60129464428604, 0
47.36916 8.54477, 47.3691 8.54485, 306.8698976446227, 0
47.36862 8.54487, 47.36867 8.54483, 501.3401917466546, 0
47.36864 8.54492, 47.36869 8.54487, 495.0000000010178, 0
47.36867 8.54497, 47.36871 8.54493, 495.0, 0
47.36869 8.54505, 47.36874 8.545, 495.0000000010178, 0
47.36938 8.54422, 47.36945 8.54414, 491.1859251665203, 0
47.36944 8.54434, 47.36951 8.54425, 487.87498365141136, 0
47.36874 8.54516, 47.36879 8.5451, 489.8055710894288, 0
47.36881 8.54524, 47.36884 8.5452, 486.8698976413658, 0
47.36864 8.54534, 47.36857 8.5454, 319.3987053547561, 0
47.36875 8.54532, 47.36881 8.54542, 239.03624346583106, 0
47.36836 8.54502, 47.36833 8.54495, 426.8014094844215, 1
47.36848 8.54486, 47.36846 8.54481, 428.1985905143501, 1
47.36852 8.54493, 47.36844 8.54501, 314.9999999993639, 0
47.36841 8.54514, 47.36847 8.54509, 500.1944289100707, 0
47.36854 8.545, 47.36846 8.54506, 323.1301023557844, 0
47.36857 8.54506, 47.36849 8.54513, 318.81407483284926, 0
47.36859 8.54514, 47.36851 8.54518, 333.43494882190424, 0
47.36938 8.54487, 47.36931 8.54474, 421.69924423376017, 0
47.36968 8.54468, 47.36962 8.54447, 434.0546040977969, 0
47.36981 8.54472, 47.3699 8.54455, 477.8972710308926, 0
47.36986 8.5448, 47.36996 8.54461, 477.7585406001769, 0
47.36951 8.54549, 47.36955 8.54557, 243.43494882393978, 0
47.36969 8.54527, 47.36966 8.54535, 290.5560452169344, 0
47.36993 8.54489, 47.36998 8.54495, 230.19442890656686, 0
47.36952 8.54465, 47.36949 8.54457, 429.4439547790223, 0
47.36952 8.54489, 47.36942 8.54462, 429.6768631697478, 0
47.36913 8.54518, 47.36906 8.54507, 417.52880770867256, 0
47.36939 8.54528, 47.36953 8.54559, 245.69545073492537, 0
47.36928 8.54542, 47.36947 8.54564, 229.18491612573268, 0
47.36945 8.54539, 47.36954 8.54558, 244.65382405800725, 0
47.36803 8.54501, 47.36814 8.54492, 500.7105931372981, 1
47.36814 8.5452, 47.36813 8.54517, 431.56505118318466, 1
47.36835 8.54528, 47.3683 8.54532, 321.3401917466546, 0
47.36839 8.5454, 47.36834 8.54544, 321.34019174392404, 0
47.36831 8.54558, 47.36837 8.54553, 500.1944289067337, 0
47.36835 8.5457, 47.36838 8.5458, 253.30075576469915, 0
47.36846 8.54558, 47.36841 8.54562, 321.3401917466546, 0
47.36862 8.54575, 47.36858 8.54565, 428.1985905143501, 0
47.3687 8.54566, 47.36866 8.54558, 423.4349488239398, 0
47.36875 8.5456, 47.36871 8.54552, 423.4349488239398, 0
47.36807 8.54533, 47.36804 8.54526, 426.8014094844215, 0
47.36792 8.54567, 47.3678 8.54578, 317.4895529206165, 0
47.36819 8.5456, 47.3681 8.54568, 318.36646066328944, 0
47.36821 8.54567, 47.36812 8.54575, 318.36646066328944, 0
47.36825 8.54576, 47.36828 8.54586, 253.3007557684341, 0
47.36867 8.5443, 47.36875 8.54421, 491.63353933544715, 0
47.36828 8.54511, 47.36825 8.54505, 423.4349488263146, 1
47.36782 8.54542, 47.36795 8.54531, 499.7636416905858, 0
47.36802 8.5459, 47.36808 8.54608, 251.56505117775652, 0
47.36846 8.5453, 47.36853 8.54527, 516.8014094874047, 0
47.36851 8.54546, 47.36857 8.54541, 500.1944289067337, 0
47.36855 8.54555, 47.36861 8.5455, 500.1944289067337, 0
47.37005 8.545, 47.37 8.54493, 414.4623222067878, 0
47.37014 8.54526, 47.37026 8.54517, 503.1301023546988, 0
47.37019 8.54534, 47.37029 8.54526, 501.3401917452893, 0
47.37023 8.54547, 47.37034 8.54539, 503.9726266145663, 0
47.37025 8.5456, 47.37038 8.5455, 502.4314079709455, 0
47.37036 8.54586, 47.37047 8.54578, 503.97262661517146, 0
47.37054 8.54636, 47.37064 8.54629, 505.0079798026709, 0
47.37055 8.5466, 47.37059 8.54677, 256.7594800853467, 0
47.36993 8.54526, 47.36991 8.54522, 423.4349488239398, 0
47.36998 8.54535, 47.36991 8.54542, 315.0, 0
47.37 8.54542, 47.36993 8.54548, 319.3987053555942, 0
47.37003 8.54548, 47.36996 8.54554, 319.3987053547561, 0
47.36959 8.54723, 47.36956 8.54715, 429.4439547790223, 0
47.36968 8.54686, 47.36981 8.54679, 511.6992442334334, 0
47.36987 8.54554, 47.36993 8.54548, 494.9999999983037, 0
47.36993 8.54568, 47.36999 8.54562, 495.0000000016963, 0
47.36983 8.54547, 47.36977 8.54553, 314.99999999915184, 0
47.36972 8.54556, 47.36977 8.54552, 501.3401917466546, 0
47.36974 8.54566, 47.3698 8.5456, 494.99999999915184, 0
47.36997 8.54574, 47.37002 8.54569, 494.99999999694666, 0
47.36978 8.54574, 47.36984 8.54569, 500.1944289100707, 0
47.3698 8.5458, 47.36986 8.54575, 500.1944289100707, 0
47.36985 8.54586, 47.36989 8.54582, 495.0, 0
47.36999 8.54584, 47.36992 8.5459, 319.3987053555942, 0
47.36985 8.54595, 47.36992 8.54589, 499.39870535559425, 0
47.36999 8.54593, 47.36995 8.54597, 314.9999999987278, 0
47.36988 8.54602, 47.36995 8.54596, 499.39870535475603, 0
47.37004 8.546, 47.36999 8.54605, 315.0000000010178, 0
47.36991 8.54609, 47.36998 8.54603, 499.39870535559425, 0
47.36993 8.54615, 47.37 8.54609, 499.39870535475603, 0
47.36998 8.54621, 47.37 8.54626, 248.1985905143501, 0
47.36965 8.54552, 47.36963 8.54548, 423.4349488239398, 0
47.36989 8.54561, 47.36983 8.54567, 314.99999999915184, 0
47.36938 8.54561, 47.36947 8.54564, 198.43494882326127, 0
47.36962 8.54579, 47.36953 8.54559, 425.7722546819612, 0
47.36944 8.54576, 47.36947 8.54564, 464.03624346912386, 0
47.36965 8.54585, 47.36983 8.54568, 496.63657704184914, 0
47.3695 8.54586, 47.36947 8.54564, 442.23483398091406, 0
47.36972 8.54598, 47.36989 8.54582, 496.7357045885736, 0
47.36939 8.54617, 47.36947 8.54564, 458.5836214798022, 0
47.36952 8.54616, 47.36947 8.54564, 444.50767544268984, 0
47.36955 8.54626, 47.36984 8.54643, 210.37912601088198, 0
47.36963 8.54632, 47.36983 8.54644, 210.96375653229802, 0
47.3697 8.54633, 47.36984 8.54642, 212.73522627181364, 0
47.36966 8.54649, 47.36981 8.54655, 201.8014094864688, 0
47.36865 8.5459, 47.36856 8.54566, 429.44395478037006, 0
47.36892 8.54544, 47.36887 8.54534, 423.4349488221078, 0
47.36843 8.54689, 47.36834 8.54698, 314.9999999977383, 0
47.36856 8.54714, 47.36849 8.54724, 304.9920201989685, 0
47.36882 8.54743, 47.36877 8.54755, 292.61986494888356, 0
47.36949 8.54755, 47.36955 8.54773, 251.56505117775652, 0
47.36911 8.54766, 47.36905 8.54781, 291.8014094856499, 1
47.36929 8.5472, 47.36946 8.54723, 190.007979801817, 0
47.3696 8.54569, 47.36955 8.54557, 427.38013505141754, 0
47.36875 8.54596, 47.36862 8.54561, 429.62356478631693, 0
47.36861 8.5472, 47.36855 8.54731, 298.6104596651873, 0
47.37746 8.54349, 47.37741 8.54324, 438.69006752558835, 1
47.37753 8.54401, 47.3775 8.54379, 442.23483398097596, 0
47.37868 8.54375, 47.37867 8.5436, 446.1859251644937, 0
47.37844 8.54447, 47.37844 8.54431, 450.0, 0
47.37855 8.54449, 47.37855 8.54431, 450.0, 0
47.37878 8.54449, 47.37878 8.54431, 450.0, 0
47.37891 8.54451, 47.37891 8.54431, 450.0, 0
47.37897 8.54466, 47.37896 8.54431, 448.3634229578686, 0
47.37903 8.54479, 47.37914 8.54496, 237.09475707698726, 0
47.37896 8.54491, 47.37907 8.54507, 235.49147701265557, 0
47.37882 8.54512, 47.37889 8.54529, 247.61986494764898, 1
47.37715 8.54364, 47.37696 8.54366, 353.9909940428401, 0
47.37702 8.54474, 47.37703 8.54488, 265.91438322162674, 0
47.37723 8.54471, 47.37724 8.54486, 266.1859251644937, 0
47.37744 8.54471, 47.37744 8.54484, 270.0, 0
47.37766 8.54467, 47.37767 8.54482, 266.1859251644937, 0
47.37829 8.54472, 47.37823 8.54483, 298.6104596651873, 0
47.37833 8.54488, 47.37826 8.54492, 330.25511870321435, 0
47.37838 8.54506, 47.37831 8.5451, 330.25511870321435, 1
47.3769 8.54509, 47.37689 8.54489, 447.137594775005, 0
47.37711 8.54507, 47.37711 8.54524, 270.0, 0
47.37733 8.54505, 47.37734 8.54522, 266.6335393379038, 0
47.37756 8.54503, 47.37759 8.54517, 257.90524292482485, 1
47.37735 8.54534, 47.37734 8.54521, 445.6012946435676, 0
47.37716 8.5454, 47.37715 8.54524, 446.4236656238938, 0
47.37701 8.54544, 47.37698 8.54528, 439.38034472541955, 0
47.37675 8.54559, 47.37683 8.54531, 465.94539590034674, 0
47.37729 8.54588, 47.37741 8.54627, 252.89727103153444, 0
47.37445 8.54671, 47.37435 8.54645, 428.96248897386994, 0
47.37463 8.54646, 47.37456 8.54628, 428.74949449264847, 0
47.37536 8.54588, 47.37531 8.54572, 432.64597536330405, 0
47.37559 8.54569, 47.37555 8.54556, 432.897271028747, 1
47.37556 8.54657, 47.37568 8.54717, 258.69006752575143, 1
47.37559 8.54614, 47.37544 8.54564, 433.3007557654461, 0
47.37578 8.54582, 47.37567 8.54548, 432.0720802381522, 1
47.37637 8.54531, 47.3763 8.54507, 433.73979529147636, 0
47.37529 8.54622, 47.37517 8.54581, 433.68614757342715, 0
47.37527 8.54681, 47.37543 8.54729, 251.56505117695076, 1
47.37468 8.54726, 47.37476 8.54763, 257.7995312720226, 0
47.37361 8.54957, 47.37358 8.54945, 435.96375653087614, 0
47.37282 8.54973, 47.37301 8.54969, 528.111341960507, 0
47.37309 8.54921, 47.37309 8.54965, 270.0, 0
47.37394 8.54891, 47.37401 8.54923, 257.66091272153153, 0
47.37478 8.54834, 47.37459 8.54773, 432.6994728077583, 0
47.37195 8.54908, 47.3719 8.54921, 291.0375110259989, 1
47.37296 8.54775, 47.37312 8.54764, 505.49147701222364, 1
47.37322 8.54765, 47.37315 8.54771, 319.3987053555942, 1
47.37376 8.54745, 47.37362 8.54709, 428.7494944935353, 1
47.37208 8.54912, 47.37218 8.54897, 483.6900675269193, 1
47.37208 8.54895, 47.37216 8.5489, 507.9946167932888, 1
47.37228 8.54877, 47.37215 8.54885, 328.3924977547121, 1
47.37259 8.54854, 47.37242 8.54827, 417.8042660645169, 1
47.37147 8.54857, 47.37139 8.54876, 292.83365417897124, 1
47.37058 8.54726, 47.37054 8.54703, 440.1341930572891, 0
47.37073 8.54725, 47.37087 8.54734, 212.7352262731364, 0
47.37099 8.54737, 47.37088 8.5473, 392.47119229132744, 0
47.36954 8.54866, 47.36962 8.54849, 475.20112364455247, 0
47.36984 8.54897, 47.36993 8.54913, 240.6422464589906, 0
47.36877 8.54974, 47.36871 8.54966, 413.1301023553773, 047.36901 8.54946, 47.36891 8.54933, 412.4314079703401, 0
47.36942 8.54944, 47.36932 8.54957, 307.5685920280708, 0
47.36873 8.55006, 47.36858 8.54986, 413.13010235448166, 0
47.3688 8.54928, 47.36888 8.54939, 233.97262661621676, 2
47.3684 8.55034, 47.36834 8.55025, 416.3099324750641, 0
47.36738 8.54847, 47.36732 8.54824, 435.37912601190874, 0
47.36754 8.5483, 47.36749 8.54813, 433.61045966534937, 2
47.36767 8.54822, 47.36761 8.54807, 428.19859051458405, 0
47.36778 8.54813, 47.36769 8.54793, 425.77225468215164, 0
47.36787 8.54802, 47.36777 8.54784, 420.9453958999147, 2
47.36753 8.54573, 47.36762 8.54561, 486.8698976457083, 0
47.36809 8.547, 47.3682 8.54689, 494.99999999953735, 0
47.3683 8.54757, 47.36845 8.54733, 482.0053832089602, 0
47.3668 8.54753, 47.36674 8.54743, 419.0362434688245, 0
47.36748 8.54705, 47.36735 8.54679, 423.4349488232352, 0
47.36752 8.5468, 47.36745 8.54667, 421.6992442334334, 0
47.36781 8.5465, 47.36773 8.54634, 423.4349488236853, 0
47.36743 8.5459, 47.36737 8.54596, 314.99999999915184, 0
47.3674 8.54553, 47.36743 8.54539, 462.09475707517515, 0
47.36526 8.54742, 47.36519 8.54721, 431.56505117693257, 0
47.36576 8.54793, 47.36559 8.54833, 293.0254920089968, 1
47.36599 8.5482, 47.36584 8.54855, 293.19859051329723, 0
47.36615 8.54843, 47.366 8.54872, 297.3498757797644, 2
47.36638 8.54673, 47.36689 8.54652, 517.6198649478899, 2
47.36721 8.54672, 47.36728 8.54686, 243.4349488226312, 0
47.36716 8.5465, 47.3671 8.54639, 421.3895403348127, 2
47.36683 8.54618, 47.36689 8.54652, 259.99202019891726, 2
47.36548 8.54795, 47.36539 8.54813, 296.565051177078, 0
47.37498 8.53917, 47.37453 8.53911, 367.5946433685174, 0
47.3759 8.53985, 47.37578 8.53992, 329.7435628366817, 0
47.37644 8.54001, 47.37634 8.53996, 386.56505117626375, 0
47.37567 8.54153, 47.37569 8.5419, 266.9059419412015, 0
47.37646 8.54137, 47.37649 8.5416, 262.56859202998146, 1
47.37534 8.54012, 47.37517 8.5403, 313.3634229590474, 0
47.37435 8.53913, 47.37453 8.53915, 186.34019174566163, 2
47.37374 8.54009, 47.37402 8.54004, 529.8753283447531, 0
47.3739 8.53998, 47.37401 8.53996, 529.6951535315596, 2
47.37386 8.53989, 47.37401 8.53986, 528.6900675255883, 0
47.37381 8.53976, 47.37399 8.53973, 530.5376777923411, 0
47.3738 8.53961, 47.37398 8.53958, 530.5376777923411, 0
47.3738 8.53951, 47.37397 8.53948, 529.992020198183, 0
47.37374 8.53941, 47.37396 8.53937, 529.6951535311118, 0
47.37405 8.53905, 47.37394 8.53907, 349.695153530664, 0
47.37417 8.53988, 47.37401 8.53991, 349.3803447236912, 2
47.37368 8.53925, 47.37363 8.53911, 430.34617594111774, 0
47.37375 8.5392, 47.3737 8.53906, 430.346175941348, 0
47.37342 8.54016, 47.37334 8.54022, 323.1301023557844, 0
47.37341 8.54004, 47.37331 8.54011, 325.0079798019878, 0
47.37337 8.53981, 47.37324 8.53993, 317.2906100421508, 2
47.3733 8.53993, 47.37325 8.53997, 321.3401917466546, 2
47.37327 8.53981, 47.37321 8.53987, 314.9999999983037, 2
47.37344 8.54164, 47.37401 8.54125, 505.6196552760143, 0
47.37351 8.54166, 47.37402 8.54127, 502.594643368547, 2
47.37358 8.54169, 47.37403 8.5413, 499.085616780061, 2
47.37367 8.54171, 47.37403 8.5413, 491.2847108945849, 2
47.37376 8.54173, 47.37405 8.54133, 485.9421118714157, 2
47.37391 8.54169, 47.37407 8.54136, 475.86635679424586, 1
47.37401 8.5414, 47.37405 8.54133, 479.7448812963159, 2
47.37343 8.54065, 47.37338 8.54065, 360, 0
47.37346 8.54057, 47.37338 8.54057, 360, 0
47.37359 8.54047, 47.37338 8.5405, 351.8698976457762, 2
47.37358 8.5406, 47.37338 8.54061, 357.1375947739898, 2
47.37367 8.54056, 47.37338 8.54057, 358.02506598884, 2
47.37333 8.53955, 47.37327 8.53938, 430.5599651704459, 0
47.37325 8.53959, 47.3732 8.53944, 431.5650511764673, 2
47.37298 8.53981, 47.37292 8.53965, 429.44395478104394, 0
47.37291 8.5399, 47.37284 8.53972, 428.7494944924575, 2
47.37286 8.53988, 47.37281 8.53975, 428.9624889740011, 0
47.37273 8.54001, 47.37267 8.53986, 428.19859051458405, 0
47.37266 8.54008, 47.3726 8.53992, 429.4439547788132, 0
47.37259 8.5401, 47.37254 8.53996, 430.346175941348, 0
47.37254 8.54015, 47.37249 8.54001, 430.346175941348, 0
47.37248 8.54021, 47.37241 8.54009, 419.74356283631255, 0
47.37244 8.54031, 47.37235 8.54018, 415.3048464688068, 0
47.37231 8.5409, 47.37221 8.54076, 414.46232220905716, 0
47.37237 8.54064, 47.37224 8.54059, 381.0375110255792, 0
47.37255 8.54057, 47.37227 8.54045, 383.198590514043, 0
47.37237 8.54052, 47.37226 8.54048, 379.98310652212285, 2
47.37225 8.54092, 47.37219 8.54078, 426.8014094871415, 2
47.3722 8.5409, 47.37216 8.54081, 426.0375110262612, 0
47.37305 8.53978, 47.37314 8.5397, 498.36646066328944, 0
47.37229 8.54106, 47.37218 8.54079, 427.83365417806124, 2
47.37231 8.54116, 47.37216 8.54081, 426.8014094865975, 2
47.37235 8.54126, 47.37216 8.54081, 427.1094483440972, 2
47.37246 8.54112, 47.37221 8.54076, 415.22216863418186, 2
47.37234 8.54145, 47.37214 8.54083, 432.1213034041874, 0
47.37248 8.54127, 47.37221 8.54076, 422.10272896902484, 2
47.37245 8.54156, 47.37214 8.54083, 426.991129917271, 2
47.37253 8.54168, 0 0, 0, 3
47.37244 8.54177, 0 0, 0, 3
47.37233 8.54155, 47.3721 8.54085, 431.810954300733, 0
47.37232 8.54171, 47.37186 8.54118, 409.0444855739124, 0
47.37251 8.54178, 0 0, 0, 3
47.37328 8.54159, 0 0, 0, 3
47.37198 8.54173, 47.3718 8.54129, 427.7509763427246, 0
47.37192 8.54155, 47.3718 8.54129, 425.2248594307709, 2
47.37216 8.54154, 47.37185 8.54119, 408.46822925894975, 2
47.37219 8.54139, 47.37191 8.54108, 407.91083782586446, 2
47.37211 8.54121, 47.37194 8.54102, 408.179830120334, 0
47.37199 8.54112, 47.37193 8.54105, 409.39870535571396, 2
47.37216 8.54107, 47.37209 8.54086, 431.56505117678716, 2
47.37205 8.54097, 47.37203 8.54091, 431.5650511775869, 0
47.37164 8.54154, 47.3716 8.54142, 431.5650511775869, 0
47.37163 8.54165, 47.37153 8.54154, 407.7263109932615, 0
47.3717 8.54182, 47.37151 8.54158, 411.632514615649, 0
47.37229 8.54126, 47.37214 8.54083, 430.7693276245792, 2
47.37254 8.53965, 47.37263 8.53989, 249.44395478037006, 2
47.37264 8.53945, 47.37276 8.53978, 250.0168934777038, 2
47.37285 8.53947, 47.37292 8.53966, 249.77514056858368, 2
47.3731 8.5392, 47.37298 8.53931, 317.4895529223064, 2
47.37315 8.53913, 47.37324 8.5394, 251.56505117707798, 2
47.37357 8.53884, 47.37366 8.53909, 250.201123645403, 2
47.37222 8.53968, 47.37214 8.53974, 323.1301023533417, 0
47.3722 8.53962, 47.37212 8.53968, 323.1301023525275, 0
47.37306 8.53929, 47.373 8.53935, 315.0000000016963, 2
47.37284 8.53931, 47.37294 8.53922, 498.01278750508305, 2
47.373 8.53909, 47.37292 8.53916, 318.81407483284926, 2
47.37295 8.53897, 47.37287 8.53903, 323.1301023557844, 2
47.37268 8.53889, 47.37279 8.5388, 500.7105931372981, 0
47.37217 8.53958, 47.3721 8.53963, 324.4623222056875, 2
47.37177 8.54017, 47.37174 8.54011, 423.4349488263146, 0
47.37182 8.54013, 47.37178 8.54007, 416.30993247480313, 2
47.37189 8.54008, 47.37186 8.53998, 433.30075576469915, 0
47.37209 8.53924, 47.37219 8.5393, 210.96375653177418, 0
47.37208 8.53907, 47.37223 8.53915, 208.0724869346908, 0
47.37211 8.53894, 47.37226 8.53901, 205.01689347813715, 0
47.37222 8.5395, 47.37214 8.53943, 401.18592516715074, 0
47.37219 8.53881, 47.37229 8.53885, 201.8014094872292, 0
47.37232 8.5393, 47.3722 8.53924, 386.565051177078, 2
47.37233 8.5392, 47.37223 8.53914, 390.9637565328219, 2
47.37255 8.53921, 47.37224 8.53907, 384.3045492660159, 2
47.37235 8.5391, 47.37225 8.53905, 386.5650511778922, 2
47.37237 8.53903, 47.37226 8.53898, 384.44395478048625, 2
47.37237 8.53895, 47.37228 8.53891, 383.9624889763619, 2
47.37237 8.53885, 47.37229 8.53882, 380.5560452206988, 2
47.37237 8.53876, 47.37237 8.53869, 450.0, 0
47.37247 8.53875, 47.37247 8.53867, 450.0, 2
47.37187 8.54029, 47.37198 8.54031, 190.30484646844036, 0
47.37191 8.54013, 47.37198 8.54008, 504.46232220843825, 0
47.37021 8.5397, 47.37014 8.53978, 311.1859251658898, 0
47.37048 8.54028, 47.37057 8.54022, 506.3099324742812, 0
47.37145 8.5404, 47.37155 8.54038, 528.6900675259798, 0
47.3716 8.54048, 47.37156 8.54051, 323.13010235415595, 2
47.37044 8.54019, 47.37053 8.54012, 502.12501634858864, 0
47.37073 8.54032, 47.37062 8.54038, 331.38954033338655, 0
47.37063 8.54009, 47.37054 8.54015, 326.3099324734983, 2
47.3705 8.54034, 47.37059 8.54028, 506.3099324734983, 2
47.3716 8.54037, 47.37155 8.54038, 348.69006752480544, 2
47.37159 8.54029, 47.37158 8.54025, 435.96375653746173, 0
47.37147 8.54013, 47.37155 8.54027, 240.25511870399725, 2
47.37068 8.54114, 47.37063 8.54109, 404.9999999989822, 0
47.37074 8.54116, 47.37071 8.54127, 285.25511870063076, 2
47.37104 8.54116, 47.37088 8.54136, 308.6598082543383, 0
47.37168 8.54044, 47.37155 8.54044, 360, 2
47.3708 8.54094, 47.37065 8.54094, 360, 2
47.37083 8.54119, 47.3708 8.54132, 282.99461678991526, 1
47.37201 8.54075, 47.37198 8.54075, 360, 2
47.37191 8.54061, 47.37198 8.54061, 180, 2
47.37202 8.54062, 47.37198 8.54062, 360, 2
47.37206 8.54037, 47.37197 8.54037, 360, 0
47.37187 8.54045, 47.37198 8.54044, 534.805571092432, 2
47.37179 8.5406, 47.37171 8.54062, 345.96375653087614, 0
47.37179 8.54075, 47.37172 8.54076, 351.86989764401204, 0
47.37179 8.54085, 47.37179 8.54094, 270.0, 0
47.37168 8.54102, 47.37168 8.54093, 450.0, 0
47.37158 8.54101, 47.37158 8.54093, 450.0, 0
47.37152 8.54102, 47.37152 8.54093, 450.0, 0
47.37163 8.5413, 47.37165 8.54138, 255.96375653267222, 0
47.37172 8.54122, 47.37175 8.54132, 253.30075576871423, 2
47.37187 8.54101, 47.37187 8.54094, 450.0, 0
47.37183 8.54105, 47.37183 8.54094, 450.0, 2
47.37187 8.5408, 47.37187 8.54094, 270.0, 2
47.37206 8.54075, 47.37198 8.54075, 360, 2
47.37211 8.54074, 47.37214 8.54082, 249.4439547790223, 2
47.37174 8.54114, 47.37183 8.54124, 228.01278750407087, 2
47.37214 8.54065, 47.37222 8.54068, 200.55604522069882, 0
47.3721 8.54054, 47.37198 8.54055, 355.2363583095546, 2
47.37157 8.54113, 47.37157 8.54093, 450.0, 2
47.37158 8.54133, 47.3716 8.54142, 257.47119229132744, 2
47.37158 8.54122, 47.37163 8.5414, 254.47588900277913, 2
47.37111 8.54116, 47.3713 8.54099, 498.1798301195041, 0
47.37116 8.54116, 47.3713 8.54099, 489.47245984746246, 2
47.37124 8.54109, 47.3713 8.54099, 480.9637565311755, 2
47.37134 8.54108, 47.37132 8.54098, 438.69006752637125, 2
47.37143 8.54111, 47.37141 8.54095, 442.8749836513331, 0
47.37087 8.54176, 47.37094 8.54145, 462.72435568555335, 2
47.37067 8.54136, 47.37069 8.54126, 461.30993247754327, 2
47.37074 8.54156, 47.37087 8.54141, 490.9143832197926, 2
47.37089 8.54156, 47.37092 8.54143, 462.99461678991526, 2
47.37096 8.54155, 47.37098 8.54146, 462.52880771298317, 2
47.37095 8.5413, 47.37088 8.54136, 319.3987053555942, 2
47.3711 8.54137, 47.37107 8.54151, 282.09475707517515, 2
47.37116 8.54137, 47.37115 8.54153, 273.57633437614584, 2
47.37123 8.54137, 47.37122 8.54154, 273.36646066213126, 2
47.37094 8.54174, 47.371 8.54148, 462.99461679288856, 2
47.37134 8.54135, 47.37133 8.54156, 272.726310992824, 0
47.37143 8.54139, 47.37142 8.54157, 273.17983011861156, 0
47.37149 8.54132, 47.37158 8.54143, 230.7105931372981, 0
47.37062 8.54137, 47.37065 8.54124, 462.99461678991526, 0
47.37026 8.54176, 47.37006 8.54131, 426.03751102550575, 0
47.37039 8.54179, 47.37037 8.54122, 447.99044618706023, 1
47.37036 8.54162, 47.37034 8.54122, 447.1375947740025, 1
47.36995 8.54029, 47.37008 8.54034, 201.0375110255792, 0
47.37002 8.54023, 47.37009 8.54029, 220.60129464524394, 2
47.37038 8.54093, 47.37039 8.54122, 268.0250659884895, 1
47.37044 8.541, 47.37045 8.54121, 267.27368900715294, 2
47.37045 8.5411, 47.37045 8.54121, 270.0, 2
47.37025 8.5415, 47.37032 8.54122, 464.03624346809755, 1
47.37008 8.54172, 47.36988 8.5417, 365.71059313729813, 2
47.37048 8.54128, 47.37048 8.54121, 450.0, 2
47.37026 8.54016, 47.37022 8.5401, 416.30993247480313, 0
47.37025 8.54029, 47.37017 8.54016, 418.3924977547995, 2
47.36985 8.53977, 47.36967 8.53982, 344.4758890033041, 0
47.36857 8.53997, 47.36852 8.53969, 439.8753283442751, 1
47.3693 8.53969, 47.36928 8.53944, 445.42607874026095, 0
47.36947 8.53964, 47.36945 8.5394, 445.2363583094493, 0
47.36882 8.54047, 47.36894 8.54044, 525.9637565328718, 0
47.36907 8.54053, 47.36896 8.54056, 344.74488129741195, 0
47.3688 8.54036, 47.36893 8.54032, 522.8972710306725, 2
47.36879 8.54022, 47.36891 8.54018, 521.5650511773324, 0
47.36794 8.54134, 47.36791 8.54117, 439.99202020012973, 0
47.36826 8.54079, 47.36829 8.54106, 263.6598082535936, 0
47.36844 8.54075, 47.36847 8.54101, 263.4180553443168, 0
47.36865 8.54068, 47.36868 8.54095, 263.659808255083, 0
47.36885 8.54063, 47.36896 8.5406, 524.7448812965508, 0
47.36931 8.54049, 47.36935 8.54077, 261.86989764614935, 0
47.36942 8.54045, 47.36945 8.54074, 264.09385888575054, 2
47.36924 8.54123, 47.36904 8.54128, 345.96375653207355, 0
47.36815 8.5404, 47.36798 8.54045, 343.6104596657383, 0
47.36769 8.5415, 47.36766 8.54126, 442.8749836505241, 0
47.36795 8.54158, 47.36795 8.54177, 270.0, 0
47.36754 8.54151, 47.36751 8.54131, 441.4692343914205, 0
47.36957 8.54041, 47.36975 8.54036, 524.475889003304, 0
47.37702 8.53879, 47.37716 8.53854, 479.2488263367453, 0
47.37752 8.5382, 47.37766 8.53829, 212.73522627181364, 0
47.37752 8.54013, 47.37721 8.53994, 391.5042667192812, 0
47.37724 8.53774, 47.37735 8.53754, 478.81079374289493, 1
47.37736 8.53786, 47.37746 8.53767, 477.7585406001769, 0
47.37743 8.53791, 47.37752 8.53774, 477.8972710308926, 0
47.37597 8.53689, 47.37575 8.53676, 390.5792268718967, 0
47.37661 8.53764, 47.3765 8.53789, 293.74949449264847, 0
47.37679 8.53771, 47.3769 8.53782, 225.0, 1
47.37668 8.53915, 47.37672 8.53898, 463.2405199147868, 0
47.3769 8.53738, 47.37704 8.53751, 222.8789036026693, 0
47.37711 8.53756, 47.37704 8.5375, 400.60129464440575, 2
47.37682 8.53884, 47.37678 8.53901, 283.2405199170559, 2
47.37594 8.53899, 47.37585 8.53895, 383.9624889746831, 0
47.37606 8.53845, 47.37597 8.53841, 383.9624889737388, 0
47.37616 8.53803, 47.37606 8.53798, 386.5650511778922, 0
47.37473 8.5347, 47.37487 8.53438, 473.6293777309071, 0
47.37572 8.53653, 47.3758 8.53658, 212.00538320899835, 0
47.37576 8.53635, 47.37585 8.5364, 209.05460409898112, 0
47.3758 8.5362, 47.37589 8.53625, 209.05460409984528, 0
47.37318 8.53412, 47.37332 8.53422, 215.53767779156178, 0
47.37367 8.53527, 47.37374 8.53512, 475.0168934781743, 0
47.37416 8.5352, 47.37406 8.53543, 293.4985656766317, 0
47.37444 8.53548, 47.37434 8.5357, 294.4439547810788, 0
47.37528 8.53613, 47.37512 8.53647, 295.20112364466775, 0
47.37514 8.53673, 47.37522 8.53656, 475.20112364455247, 0
47.37334 8.53535, 47.37325 8.53526, 405.0, 0
47.37362 8.53397, 47.37378 8.53413, 225.00000000095417, 0
47.37482 8.53696, 47.3748 8.53681, 442.4053566317641, 0
47.37488 8.53654, 47.37477 8.53657, 344.74488129741195, 0
47.37494 8.53787, 47.37486 8.53765, 430.01689347720855, 0
47.37443 8.53639, 47.3745 8.53625, 476.5650511773688, 0
47.37348 8.53603, 47.37353 8.53624, 256.6075022457684, 0
47.37341 8.53681, 47.37336 8.53702, 283.39249775412236, 0
47.37332 8.5367, 47.37319 8.53689, 304.38034472357606, 0
47.37419 8.53595, 47.37428 8.53605, 228.01278750407087, 0
47.37425 8.53582, 47.37431 8.53568, 473.1985905128585, 2
47.37272 8.53329, 47.37267 8.53336, 305.5376777925245, 0
47.37303 8.53251, 47.37317 8.53259, 209.74488129678565, 0
47.37263 8.53585, 47.37259 8.53562, 440.1341930572891, 0
47.37255 8.53532, 47.37247 8.53542, 308.65980825309714, 0
47.37239 8.53614, 47.37229 8.53598, 417.99461679094446, 0
47.37182 8.53472, 47.37169 8.5349, 305.837652953948, 0
47.37247 8.53398, 47.37242 8.53429, 279.1623470460004, 1
47.37214 8.53449, 47.37218 8.53422, 458.4269690211528, 0
47.37185 8.53438, 47.37185 8.53416, 450.0, 2
47.37209 8.53391, 47.37205 8.53418, 278.42696902120747, 2
47.37096 8.53465, 47.37105 8.53483, 243.43494882292202, 0
47.37106 8.53519, 47.37093 8.53498, 418.2405199155709, 0
47.37292 8.53255, 47.37283 8.53281, 289.0934920005797, 2
47.3728 8.5326, 47.37274 8.53274, 293.1985905128586, 0
47.37247 8.53266, 47.37251 8.53255, 469.9831065213057, 0
47.37255 8.53273, 47.3726 8.53261, 472.61986494858246, 0
47.37279 8.53296, 47.37284 8.53282, 469.653824056073, 2
47.37179 8.53606, 47.372 8.53638, 236.72511201470655, 0
47.37331 8.53767, 47.37342 8.53705, 460.0606897959108, 0
47.37326 8.53727, 47.37333 8.537, 464.5344550807887, 2
47.37235 8.53338, 47.37247 8.53312, 474.77514056937804, 0
47.36995 8.53381, 47.36985 8.53396, 303.6900675269193, 0
47.36986 8.5336, 47.36977 8.53349, 410.7105931372981, 0
47.3704 8.53264, 47.37031 8.53253, 410.7105931399685, 1
47.36971 8.53317, 47.36985 8.53335, 232.12501634858864, 2
47.36984 8.53181, 47.36976 8.53169, 416.30993247284584, 0
47.36997 8.53157, 47.36991 8.53148, 416.3099324719325, 1
47.36982 8.53123, 47.36992 8.53111, 489.805571093016, 1
47.37009 8.53216, 47.37002 8.53228, 300.25643716368745, 0
47.3697 8.53224, 47.36982 8.53203, 479.7448812961071, 2
47.36997 8.53201, 47.3699 8.53213, 300.25643716368745, 0
47.36949 8.53129, 47.36941 8.53138, 311.63353933544715, 1
47.36984 8.53295, 47.36989 8.53285, 476.5650511746353, 0
47.36971 8.5328, 47.36977 8.5327, 480.96375653416897, 2
47.36956 8.53319, 47.36945 8.5333, 314.9999999995374, 0
47.369 8.53161, 47.36887 8.53172, 319.7636416905858, 1
47.36935 8.5315, 47.36943 8.53141, 491.633539337974, 2
47.36941 8.53114, 47.36935 8.53103, 421.38954033234927, 1
47.36923 8.53129, 47.36931 8.5312, 491.63353933544715, 1
47.36903 8.53095, 47.36911 8.53085, 488.65980825260067, 1
47.3688 8.53054, 47.36875 8.53045, 420.9453959001547, 1
47.36952 8.531, 47.36946 8.5309, 419.03624346583103, 1
47.36964 8.53087, 47.36958 8.53076, 421.3895403348127, 1
47.36916 8.5307, 47.36908 8.53079, 311.63353933797407, 1
47.36908 8.53052, 47.36899 8.53063, 309.2894068622484, 1
47.36899 8.53038, 47.36891 8.53048, 308.65980825260067, 1
47.36917 8.53013, 47.36936 8.53013, 180, 1
47.36826 8.53929, 47.36848 8.53912, 502.30575953333715, 1
47.36938 8.53914, 47.36941 8.53941, 263.6598082535936, 0
47.37136 8.53767, 47.37123 8.53746, 418.2405199141694, 0
47.37113 8.53797, 47.371 8.53802, 338.9624889744208, 0
47.37191 8.53786, 47.37227 8.5376, 504.1623470456804, 0
47.36946 8.53687, 47.36959 8.53671, 489.0938588872832, 0
47.36944 8.53611, 47.36934 8.53622, 312.2736890051727, 0
47.36857 8.53799, 47.3687 8.53831, 247.89055165636776, 0
47.36813 8.53821, 47.36832 8.53867, 247.55724663510833, 1
47.36891 8.53832, 47.36885 8.53818, 426.8014094871415, 0
47.36903 8.53724, 47.36929 8.5376, 234.16234704591784, 0
47.36918 8.53744, 47.36929 8.5376, 235.4914770123586, 2
47.36911 8.53699, 47.36941 8.5374, 233.8067926942066, 0
47.37045 8.5352, 47.37034 8.53505, 413.74616226264345, 0
47.36968 8.53557, 47.36963 8.5355, 414.4623222067878, 0
47.36955 8.53607, 47.36964 8.53619, 233.13010235388458, 0
47.36963 8.53595, 47.36971 8.53606, 233.97262661621676, 2
47.3697 8.53583, 47.36979 8.53595, 233.13010235388458, 2
47.3701 8.53515, 47.3702 8.53528, 232.43140797230757, 1
47.36731 8.53913, 47.36744 8.53946, 248.49856567615436, 0
47.35214 8.53101, 47.35222 8.53083, 473.9624889756274, 1
47.35185 8.53086, 47.35197 8.53059, 473.9624889749979, 1
47.36699 8.52969, 47.36704 8.52951, 465.5241109972209, 0
47.36578 8.52945, 47.36586 8.52963, 246.03751102605136, 1
47.36602 8.5293, 47.36607 8.52948, 254.47588900277913, 1
47.36733 8.53136, 47.36731 8.5317, 273.36646066328944, 0
47.36682 8.53121, 47.36684 8.53124, 236.30993246619116, 0
47.36676 8.53111, 47.36684 8.53124, 238.39249775252802, 2
47.36595 8.5308, 47.36607 8.53063, 485.21759296894487, 0
47.36564 8.52962, 47.36573 8.52978, 240.64224645732952, 1
47.36584 8.5294, 47.3659 8.5296, 253.30075576469915, 1
47.36596 8.52933, 47.36602 8.52952, 252.4744316268924, 1
47.36613 8.52922, 47.36618 8.52942, 255.96375653159456, 1
47.36706 8.52916, 47.36701 8.52911, 404.9999999989822, 0
47.36652 8.52897, 47.36658 8.52917, 253.3007557667067, 0
47.36745 8.52976, 47.36754 8.52963, 484.6951535311932, 0
47.36585 8.53063, 47.36597 8.53047, 486.8698976446227, 2
47.36588 8.53186, 47.36593 8.53204, 254.47588900277913, 0
47.36574 8.5319, 47.3658 8.53212, 254.7448812975294, 0
47.36562 8.53174, 47.36555 8.53154, 430.70995378053925, 0
47.36572 8.53106, 47.36582 8.53131, 248.1985905143501, 1
47.36575 8.53161, 47.36568 8.53144, 427.61986494785975, 1
47.36835 8.53002, 47.36823 8.53026, 296.56505117758684, 0
47.36788 8.5305, 47.36777 8.53044, 388.6104596659004, 0
47.36793 8.5303, 47.36781 8.53027, 374.03624346792645, 0
47.36567 8.53036, 47.36579 8.53019, 485.21759296706443, 2
47.36599 8.52738, 47.36594 8.52752, 289.653824056073, 1
47.36682 8.52799, 47.36678 8.52813, 285.94539590034674, 1
47.36667 8.52791, 47.36663 8.52804, 287.10272896839217, 1
47.36656 8.52782, 47.36652 8.52796, 285.94539590034674, 1
47.36642 8.52768, 47.36636 8.52784, 290.55604521895606, 1
47.36373 8.52442, 47.36395 8.5247, 231.8427734118925, 0
47.36372 8.52416, 47.36335 8.52436, 331.6069805789162, 1
47.36371 8.52393, 47.36335 8.52436, 309.93638314703463, 1
47.36476 8.52846, 47.36437 8.52803, 407.79270236611194, 1
47.36694 8.52806, 47.36691 8.52821, 281.3099324749336, 0
47.36498 8.52679, 47.36509 8.52638, 465.01836063105463, 1
47.36415 8.52515, 47.36414 8.52498, 446.6335393355173, 0
47.36483 8.52502, 47.36477 8.52482, 433.3007557665666, 0
47.36295 8.52432, 47.36307 8.52447, 231.34019174557892, 1
47.36296 8.52407, 47.36311 8.52439, 244.88516511418953, 1
47.36299 8.52374, 47.36315 8.52436, 255.52970590045044, 1
47.36323 8.52412, 47.36323 8.52435, 270.0, 1
47.36325 8.52386, 47.36324 8.52435, 271.16913932828027, 1
47.36347 8.52384, 47.36335 8.52436, 282.99461679218814, 1
47.36346 8.52434, 47.36335 8.52436, 349.69515353221107, 1
47.36347 8.52415, 47.36335 8.52436, 299.74488129756855, 1
47.36328 8.52498, 47.36328 8.52465, 450.0, 1
47.36374 8.52612, 47.36384 8.52608, 518.1985905141746, 0
47.36371 8.52579, 47.36377 8.52576, 513.434948824279, 0
47.36365 8.52558, 47.36375 8.52565, 214.9920201980122, 2
47.36399 8.52605, 47.36384 8.5261, 341.5650511768744, 2
47.36392 8.52565, 47.36405 8.52558, 511.6992442334334, 2
47.36387 8.52541, 47.36399 8.52534, 509.7435628366817, 0
47.36402 8.528, 47.36416 8.52806, 203.19859051320947, 1
47.36408 8.52683, 47.36422 8.52683, 180, 1
47.36405 8.52654, 47.36405 8.52635, 450.0, 2
47.36389 8.52655, 47.36389 8.52635, 450.0, 2
47.36374 8.52687, 47.36367 8.52676, 417.52880770909167, 0
47.36355 8.52657, 47.36353 8.52638, 443.9909940427286, 2
47.36338 8.52659, 47.36336 8.52641, 443.6598082543383, 0
47.3635 8.52707, 47.3635 8.52685, 450.0, 2
47.36387 8.52789, 47.36372 8.52809, 306.8698976452741, 0
47.36338 8.52748, 47.36329 8.5277, 292.2490236573565, 0
47.36325 8.52736, 47.36316 8.52757, 293.1985905135897, 0
47.36312 8.52724, 47.36303 8.52746, 292.2490236573565, 0
47.36298 8.52712, 47.36289 8.52733, 293.19859051376517, 0
47.36285 8.52699, 47.36276 8.52721, 292.24902365719436, 0
47.36258 8.52679, 47.3625 8.52698, 292.83365417897124, 0
47.36325 8.52691, 47.36329 8.5268, 469.9831065210085, 2
47.36306 8.52661, 47.36306 8.52644, 450.0, 0
47.36291 8.52662, 47.36291 8.52645, 450.0, 2
47.36246 8.52668, 47.36234 8.52672, 341.565051177078, 0
47.36347 8.52581, 47.36337 8.52566, 416.3099324749597, 0
47.36349 8.52607, 47.36334 8.52608, 356.18592516579974, 0
47.36301 8.52623, 47.36301 8.52645, 270.0, 2
47.36279 8.52624, 47.36279 8.52646, 270.0, 2
47.36274 8.52595, 47.3626 8.52594, 364.0856167797682, 0
47.362 8.52585, 47.36201 8.52564, 452.72631099282404, 0
47.36169 8.52583, 47.3616 8.52597, 302.73522627214436, 0
47.36203 8.52624, 47.36195 8.52643, 292.83365417715123, 0
47.36189 8.52613, 47.36181 8.52626, 301.607502247472, 0
47.36179 8.52598, 47.36171 8.52611, 301.60750224555, 0
47.36725 8.53621, 47.36719 8.53603, 431.5650511777565, 0
47.36726 8.53658, 47.36712 8.53668, 324.4623222084382, 0
47.36765 8.53738, 47.36759 8.53721, 430.5599651725754, 0
47.3678 8.53673, 47.36772 8.53679, 323.1301023557844, 0
47.36808 8.53759, 47.36805 8.5375, 431.56505117572095, 2
47.36686 8.53534, 47.36681 8.5352, 430.346175941348, 0
47.36703 8.53526, 47.36697 8.53508, 431.5650511775869, 0
47.36737 8.53507, 47.36729 8.53484, 430.8209919731595, 0
47.36732 8.53459, 47.36738 8.53478, 252.4744316268924, 0
47.36736 8.53437, 47.36746 8.5342, 480.46554492045414, 0
47.36688 8.53556, 47.36677 8.53564, 323.9726266145663, 0
47.36658 8.53466, 47.36647 8.53474, 323.97262661517146, 0
47.36685 8.53446, 47.36696 8.53438, 503.97262661517146, 0
47.36707 8.53424, 47.36702 8.53411, 428.9624889740011, 0
47.3672 8.53418, 47.36714 8.53401, 430.5599651723875, 2
47.36495 8.5373, 47.36507 8.53763, 250.0168934777038, 0
47.3651 8.53721, 47.36521 8.53752, 250.4633450620127, 0
47.36522 8.53712, 47.36533 8.53743, 250.4633450620127, 0
47.36555 8.53697, 47.36563 8.5372, 250.8209919732968, 0
47.36423 8.53831, 0 0, 0, 3
47.36487 8.53711, 47.36465 8.53735, 312.51044707878816, 0
47.36479 8.53694, 47.36473 8.53675, 432.4744316268924, 0
47.36577 8.53649, 47.36588 8.53641, 503.9726266145663, 0
47.36492 8.53681, 47.36487 8.53665, 432.645975365441, 0
47.36502 8.53673, 47.36497 8.53658, 431.5650511764673, 0
47.36515 8.53664, 47.36509 8.53648, 429.44395478125307, 0
47.36549 8.53637, 47.36544 8.53622, 431.5650511764673, 0
47.36567 8.53625, 47.36561 8.53608, 430.5599651704459, 0
47.3654 8.53552, 47.36533 8.53533, 429.77514056858365, 0
47.36505 8.53575, 47.36499 8.53558, 430.5599651725754, 0
47.36523 8.53563, 47.36517 8.53545, 431.5650511775869, 0
47.36516 8.53619, 47.36506 8.53626, 325.0079798019878, 2
47.3651 8.53598, 47.36499 8.53606, 323.9726266145663, 0
47.36547 8.53592, 47.36555 8.53613, 249.14554196106658, 0
47.36582 8.53255, 47.36576 8.53241, 426.8014094871415, 0
47.36617 8.53293, 47.36626 8.53275, 476.565051177078, 0
47.36607 8.53283, 47.36617 8.53264, 477.7585406001769, 0
47.36653 8.53385, 47.36624 8.53408, 321.581944655126, 0
47.36573 8.53419, 47.36562 8.53381, 433.85566121979457, 0
47.36601 8.53394, 47.36615 8.53383, 501.84277341173197, 0
47.36493 8.53535, 47.365 8.53557, 252.349875779898, 2
47.36579 8.53322, 47.3659 8.53313, 500.71059313911195, 0
47.36574 8.53309, 47.36585 8.533, 500.7105931372981, 0
47.36569 8.53296, 47.3658 8.53287, 500.71059313785236, 0
47.36564 8.53282, 47.36575 8.53273, 500.71059313785236, 0
47.36478 8.53412, 47.36486 8.53435, 250.8209919748758, 0
47.36574 8.53346, 47.36581 8.53369, 253.07248693565927, 0
47.36562 8.53355, 47.3655 8.53362, 329.7435628366817, 0
47.36535 8.53351, 47.36545 8.53345, 509.0362434689742, 0
47.36558 8.53343, 47.36546 8.5335, 329.7435628366817, 0
47.36532 8.53337, 47.36541 8.53331, 506.3099324742812, 0
47.36554 8.5333, 47.36543 8.53337, 327.5288077093311, 2
47.36551 8.53316, 47.36539 8.53323, 329.74356283731447, 2
47.36525 8.53312, 47.36534 8.53306, 506.3099324742812, 0
47.36547 8.53304, 47.36536 8.53311, 327.52880770867256, 0
47.36521 8.533, 47.36531 8.53294, 509.0362434689742, 0
47.36543 8.53291, 47.36532 8.53298, 327.52880771034893, 2
47.36513 8.53366, 47.36502 8.53371, 335.55604521951375, 0
47.36489 8.53379, 47.36502 8.53373, 515.2248594311184, 2
47.3651 8.53349, 47.36498 8.53354, 337.3801350512369, 0
47.36484 8.53357, 47.36498 8.53351, 516.8014094867906, 2
47.36502 8.53315, 47.36491 8.5332, 335.55604521874693, 0
47.36507 8.53292, 47.36503 8.53279, 432.897271028747, 0
47.36441 8.53575, 47.36448 8.53595, 250.70995378053925, 0
47.36452 8.53561, 47.3646 8.53586, 252.25532837405677, 0
47.36427 8.53587, 47.36433 8.53606, 252.47443162509785, 0
47.36417 8.53572, 47.36396 8.53585, 328.2405199154375, 0
47.36409 8.53556, 47.36392 8.53575, 311.820169879666, 0
47.36401 8.5354, 47.36383 8.53559, 313.45184230108146, 0
47.36399 8.5352, 47.36392 8.535, 430.70995378053925, 0
47.36364 8.5345, 47.36358 8.53429, 434.05460409958926, 0
47.36355 8.5338, 47.36348 8.53357, 433.0724869372792, 0
47.36449 8.53361, 47.36434 8.53368, 334.98310652234574, 0
47.36445 8.53345, 47.36431 8.53352, 333.4349488223404, 2
47.36444 8.53326, 47.36439 8.53308, 434.4758890027791, 0
47.36357 8.53409, 47.36344 8.53411, 351.25383773815076, 0
